name,entity_class,treasury_native_cdfi,fi_type,cert_control_num,rssd_id,bank_cert,cu_number,ncdfi,nmdi,regulator,city,state,website,in_cdfi_fund_list,nafi_name,alias_basis,cert_discrepancy,source_url,source_page,source_quote,retrieved_date
"Akiptan, Inc.",Native Community Development Financial Institution,Y,Loan Fund,181CE054224,,,,,Not applicable,Not applicable,Eagle Butte,SD,akiptan.org,1,"Akiptan, Inc.",,,https://www.cdfifund.gov/media/8018641/download?inline,,"Total Number of Certified Native CDFIs as of July 16, 2026: 65",2026-08-06
Choctaw Federal Credit Union,Native Community Development Financial Institution,Y,Credit Union,131CE012054,537887,,,,Yes,NCUA,Choctaw,MS,http://www.choctaw.org,1,Choctaw Federal Credit Union,,,https://www.cdfifund.gov/media/8018641/download?inline,,"Total Number of Certified Native CDFIs as of July 16, 2026: 65",2026-08-06
Lakota Federal Credit Union,Native Community Development Financial Institution,Y,Credit Union,141CE013342,4452960,,,,Yes,NCUA,Kyle,SD,Not Available,1,Lakota Federal Credit Union,,,https://www.cdfifund.gov/media/8018641/download?inline,,"Total Number of Certified Native CDFIs as of July 16, 2026: 65",2026-08-06
Navajo community Development Financial Institution Inc Non Profit,Native Community Development Financial Institution,Y,Loan Fund,181CE054359,,,,,Not applicable,Not applicable,Window Rock,AZ,http://www.navajocdfi.com,1,Navajo Community Development Financial Institution,"Same Window Rock, AZ institution; the Treasury row carries the corporate suffix.",,https://www.cdfifund.gov/media/8018641/download?inline,,"Total Number of Certified Native CDFIs as of July 16, 2026: 65",2026-08-06
"The Cherokee Nation d/b/a Cherokee Nation Economic Development Trust Authority, Inc",Native Community Development Financial Institution,Y,Loan Fund,241CE069192,,,,,Not applicable,Not applicable,Tahlequah,OK,https://www.cherokee.org/all-services/commerce-services/,1,"Cherokee Nation dba Cherokee Nation Economic Development Trust Authority, Inc.",Same legal name; the two lists punctuate d/b/a differently.,,https://www.cdfifund.gov/media/8018641/download?inline,,"Total Number of Certified Native CDFIs as of July 16, 2026: 65",2026-08-06
Eagle Bank,Native Financial Institution,N,Bank,,3346633,58282,,No,Yes,FDIC,Polson,MT,https://www.eaglebankmt.com/,0,,,,https://github.com/frb-mpls-cde/nafi-map/raw/refs/heads/main/data/nafi-map-data_current.xlsx,https://www.minneapolisfed.org/indiancountry/resources/mapping-native-banks,"CICD Native financial institutions map; ncdfi=No, nmdi=Yes",2026-08-06
Four Corners Federal Credit Union,Native Financial Institution,N,Credit Union,,654485,,16754,No,Yes,NCUA,Kirtland,NM,https://www.fourcornersfcu.org/,0,,,,https://github.com/frb-mpls-cde/nafi-map/raw/refs/heads/main/data/nafi-map-data_current.xlsx,https://www.minneapolisfed.org/indiancountry/resources/mapping-native-banks,"CICD Native financial institutions map; ncdfi=No, nmdi=Yes",2026-08-06
Lac Courte Oreilles Federal Credit Union,Native Financial Institution,N,Credit Union,,3017054,,24648,No,Yes,NCUA,Hayward,WI,https://lcofcu.com/,0,,,,https://github.com/frb-mpls-cde/nafi-map/raw/refs/heads/main/data/nafi-map-data_current.xlsx,https://www.minneapolisfed.org/indiancountry/resources/mapping-native-banks,"CICD Native financial institutions map; ncdfi=No, nmdi=Yes",2026-08-06
Pauls Valley National Bank,Native Financial Institution,N,Bank,,454658,4173,,No,Yes,OCC,Pauls Valley,OK,https://www.pvnb.com/,0,,,,https://github.com/frb-mpls-cde/nafi-map/raw/refs/heads/main/data/nafi-map-data_current.xlsx,https://www.minneapolisfed.org/indiancountry/resources/mapping-native-banks,"CICD Native financial institutions map; ncdfi=No, nmdi=Yes",2026-08-06
Seneca Nation of Indians Federal Credit Union,Native Financial Institution,N,Credit Union,,4874076,,24863,No,Yes,NCUA,Irving,NY,https://www.snifcu.org/,0,,,,https://github.com/frb-mpls-cde/nafi-map/raw/refs/heads/main/data/nafi-map-data_current.xlsx,https://www.minneapolisfed.org/indiancountry/resources/mapping-native-banks,"CICD Native financial institutions map; ncdfi=No, nmdi=Yes",2026-08-06
